,TEAM,FT,FTA,ORB,DRB,AST,STL,BLK,TOV,PF,FT/FGA,AST/TOV,YEAR,FG%,2P%,3P%,FT%,FT_MAX,FTA_MAX,ORB_MAX,DRB_MAX,AST_MAX,STL_MAX,BLK_MAX,TOV_MAX,PF_MAX,PTS_MAX,FT/FGA_MAX,AST/TOV_MAX,FG%_MAX,2P%_MAX,3P%_MAX,FT%_MAX,TEAM_OPP,FT_OPP,FTA_OPP,ORB_OPP,DRB_OPP,AST_OPP,STL_OPP,BLK_OPP,TOV_OPP,PF_OPP,FT/FGA_OPP,AST/TOV_OPP,FG%_OPP,2P%_OPP,3P%_OPP,FT%_OPP,FT_MAX_OPP,FTA_MAX_OPP,ORB_MAX_OPP,DRB_MAX_OPP,AST_MAX_OPP,STL_MAX_OPP,BLK_MAX_OPP,TOV_MAX_OPP,PF_MAX_OPP,PTS_MAX_OPP,FT/FGA_MAX_OPP,AST/TOV_MAX_OPP,FG%_MAX_OPP,2P%_MAX_OPP,3P%_MAX_OPP,FT%_MAX_OPP,GAME_ID,ANSWER
253,Louisville ,0.4761904761904761,0.48275862068965514,0.4,0.29032258064516125,0.47826086956521735,1.0,0.3076923076923077,0.28,0.21052631578947367,0.36073059360730597,0.1925133689839572,2022,0.7694581280788177,0.7367666456385847,0.5926724137931035,0.609375,0.36363636363636365,0.33333333333333337,0.1818181818181818,0.33333333333333337,0.36363636363636365,1.0,0.2857142857142857,0.0,0.2,0.38888888888888895,0.11392405063291138,0.4444444444444444,1.0,1.0,0.5,1.0,Albany ,0.2857142857142857,0.17241379310344826,0.12,0.29032258064516125,0.3043478260869565,0.3529411764705882,0.15384615384615385,0.76,0.47368421052631576,0.28767123287671226,0.04958677685950414,0.5325826882477129,0.5791472678265132,0.3663793103448276,1.0,0.2727272727272727,0.16666666666666666,0.1818181818181818,0.33333333333333337,0.2727272727272727,0.2857142857142857,0.0,0.5,0.2,0.22222222222222218,0.240506329113924,0.16666666666666666,0.375,0.5714285714285714,0.3333333333333333,1.0,126,1.0
255,Michigan ,0.19047619047619047,0.31034482758620685,0.4,0.5161290322580645,0.826086956521739,0.5882352941176471,0.15384615384615385,0.32,0.21052631578947367,0.1332503113325031,0.2902284880894506,2022,0.6896551724137931,0.6955278068100555,0.44624746450304253,0.3181818181818181,0.09090909090909091,0.33333333333333337,0.36363636363636365,0.33333333333333337,0.2727272727272727,0.42857142857142855,0.14285714285714285,0.125,0.2,0.5,0.050632911392405056,0.35185185185185186,0.7321428571428571,0.7244897959183674,0.5,1.0,American ,0.14285714285714285,0.10344827586206898,0.19999999999999998,0.3548387096774194,0.34782608695652173,0.23529411764705882,0.15384615384615385,0.68,0.631578947368421,0.12040374909877435,0.06417112299465241,0.30744101633393833,0.5080862533692723,0.0,0.75,0.09090909090909091,0.08333333333333334,0.1818181818181818,0.33333333333333337,0.1818181818181818,0.2857142857142857,0.14285714285714285,1.0,0.8,0.11111111111111113,0.08860759493670885,0.05092592592592593,0.75,0.7428571428571429,0.1428571428571428,1.0,127,1.0
257,Utah ,0.5714285714285714,0.6206896551724138,0.4,0.8387096774193549,0.7826086956521738,0.058823529411764705,0.07692307692307693,0.56,0.5789473684210527,0.4414494034467521,0.1726958162944322,2022,0.7537263626251389,0.6908964437874968,0.7897664071190212,0.5625,0.2727272727272727,0.33333333333333337,0.1818181818181818,0.41666666666666663,0.9090909090909091,0.14285714285714285,0.0,0.625,0.6000000000000001,0.38888888888888895,0.240506329113924,0.35185185185185186,1.0,1.0,1.0,1.0,Arkansas ,0.38095238095238093,0.4482758620689655,0.48000000000000004,0.19354838709677413,0.13043478260869565,0.47058823529411764,0.46153846153846156,0.12,0.5263157894736843,0.22108548638806994,0.11764705882352941,0.4225229157573112,0.4801694262610704,0.2286356821589205,0.5,0.2727272727272727,0.41666666666666663,0.09090909090909091,0.24999999999999997,0.1818181818181818,0.2857142857142857,0.2857142857142857,0.125,0.6000000000000001,0.5,0.05485232067510547,0.12037037037037038,0.33333333333333337,0.5324675324675325,0.3333333333333333,0.6666666666666667,128,1.0
259,Oregon ,0.42857142857142855,0.4137931034482758,0.5599999999999999,0.7096774193548386,0.5652173913043479,0.3529411764705882,0.9230769230769231,0.56,0.6842105263157894,0.26990003702332466,0.12551116703365836,2022,0.4715750232991613,0.5228347658037941,0.2586206896551723,0.6428571428571429,0.5454545454545454,0.5,0.2727272727272727,0.5,0.36363636363636365,0.42857142857142855,1.0,0.5,0.6000000000000001,0.6944444444444444,0.06118143459915612,0.21296296296296294,0.375,0.5714285714285714,0.25,0.8333333333333333,Belmont ,0.4761904761904761,0.5172413793103448,0.24000000000000002,0.5483870967741935,0.6521739130434783,0.5882352941176471,0.07692307692307693,0.24,0.4210526315789473,0.3154543700559521,0.28698752228163993,0.41777561923263723,0.37966884867154405,0.5172413793103449,0.5588235294117647,0.6363636363636364,0.5833333333333334,0.1818181818181818,0.24999999999999997,0.5454545454545454,0.5714285714285714,0.14285714285714285,0.125,0.6000000000000001,0.4444444444444444,0.13200723327305602,0.6296296296296297,0.6590909090909092,0.4489795918367347,1.0,0.8518518518518519,129,0.0
261,Tennessee ,0.38095238095238093,0.4137931034482758,0.52,0.4838709677419355,0.7391304347826086,0.1176470588235294,0.3076923076923077,0.24,0.47368421052631576,0.2727272727272726,0.3226381461675579,2022,0.596551724137931,0.5892030717591416,0.3315649867374004,0.5535714285714286,0.4545454545454545,0.5,0.4545454545454545,0.24999999999999997,0.6363636363636364,0.14285714285714285,0.42857142857142855,0.375,0.6000000000000001,0.38888888888888895,0.11392405063291138,0.7222222222222222,0.4444444444444444,0.42857142857142866,0.3333333333333333,0.6666666666666667,Belmont ,0.19047619047619047,0.27586206896551724,0.5599999999999999,0.29032258064516125,0.47826086956521735,0.2941176470588235,0.15384615384615385,0.2,0.631578947368421,0.11653218239819862,0.24465240641711228,0.4541332073689183,0.5220446669233733,0.3809788654060066,0.375,0.1818181818181818,0.24999999999999997,0.1818181818181818,0.16666666666666666,0.2727272727272727,0.2857142857142857,0.2857142857142857,0.0,0.8,0.4444444444444444,0.050632911392405056,0.35185185185185186,0.375,0.5178571428571428,0.5,0.5555555555555556,130,1.0
263,Tennessee ,0.9523809523809523,0.9310344827586207,0.84,0.5161290322580645,0.5652173913043479,0.4117647058823529,0.0,0.64,0.4210526315789473,0.669621273166801,0.11061075147762453,2022,0.5399594320486816,0.5258515069835824,0.3315649867374004,0.6551724137931034,0.4545454545454545,0.5,0.6363636363636364,0.33333333333333337,0.2727272727272727,0.42857142857142855,0.0,0.5,0.6000000000000001,0.36111111111111116,0.11392405063291138,0.35185185185185186,0.375,0.35714285714285715,0.4,1.0,Buffalo ,0.23809523809523808,0.27586206896551724,0.5599999999999999,0.12903225806451613,0.6086956521739131,0.7058823529411764,0.07692307692307693,0.52,0.9473684210526316,0.14301369863013708,0.1443850267379679,0.40662068965517256,0.34930929919137477,0.5172413793103449,0.5,0.09090909090909091,0.0,0.6363636363636364,0.16666666666666666,0.5454545454545454,1.0,0.14285714285714285,0.75,0.6000000000000001,0.5277777777777778,0.03797468354430379,0.3055555555555556,0.375,1.0,0.3846153846153846,1.0,131,1.0
265,Connecticut ,0.8095238095238095,0.7241379310344828,0.24000000000000002,0.16129032258064513,0.2608695652173913,0.3529411764705882,0.7692307692307693,0.28,0.8421052631578947,0.821917808219178,0.11229946524064172,2022,0.2939655172413795,0.19541778975741236,0.5172413793103449,0.7282608695652174,0.36363636363636365,0.33333333333333337,0.09090909090909091,0.08333333333333334,0.09090909090909091,0.42857142857142855,0.5714285714285714,0.25,0.8,0.2777777777777778,0.240506329113924,0.07407407407407407,0.3055555555555556,0.4489795918367347,0.4,1.0,Central Florida ,0.42857142857142855,0.6206896551724138,0.24000000000000002,0.32258064516129037,0.3043478260869565,0.1764705882352941,0.23076923076923078,0.56,1.0,0.45920190589636667,0.0688895879207298,0.40899550224887554,0.2638140161725069,0.8189655172413793,0.375,0.2727272727272727,0.24999999999999997,0.09090909090909091,0.33333333333333337,0.1818181818181818,0.14285714285714285,0.2857142857142857,0.5,0.6000000000000001,0.16666666666666666,0.07940161104718065,0.037037037037037035,0.375,0.14285714285714285,1.0,0.7333333333333334,132,1.0
267,Indiana ,0.4761904761904761,0.4482758620689655,0.16,0.6129032258064516,0.9130434782608696,0.4117647058823529,0.07692307692307693,0.12,0.31578947368421056,0.3544520547945206,0.5989304812834225,2022,0.8167025862068966,0.8168463611859839,0.43103448275862066,0.6666666666666666,0.36363636363636365,0.33333333333333337,0.09090909090909091,0.33333333333333337,0.4545454545454545,0.42857142857142855,0.0,0.125,0.4000000000000001,0.36111111111111116,0.14556962025316456,0.4444444444444444,0.5,0.5408163265306123,0.5,1.0,Charlotte ,0.42857142857142855,0.5172413793103448,0.12,0.3870967741935484,0.2173913043478261,0.058823529411764705,0.07692307692307693,0.44000000000000006,0.5789473684210527,0.38508371385083695,0.06417112299465241,0.4551724137931034,0.45285948669869913,0.14008620689655177,0.4852941176470589,0.36363636363636365,0.33333333333333337,0.0,0.41666666666666663,0.09090909090909091,0.14285714285714285,0.14285714285714285,0.625,0.4000000000000001,0.36111111111111116,0.07775768535262204,0.16666666666666666,0.375,0.46428571428571436,1.0,1.0,133,1.0
269,NC State ,0.7142857142857142,0.5862068965517241,0.19999999999999998,0.5806451612903226,0.7826086956521738,0.1764705882352941,0.5384615384615385,0.4,0.5789473684210527,0.5168119551681195,0.23076923076923075,2022,0.6896551724137931,0.7489500407446877,0.464767616191904,0.8026315789473684,0.4545454545454545,0.33333333333333337,0.09090909090909091,0.5,0.8181818181818182,0.14285714285714285,0.42857142857142855,0.5,0.6000000000000001,0.38888888888888895,0.0958408679927667,0.9074074074074073,0.6875,0.8163265306122449,0.5,1.0,Connecticut ,0.5238095238095237,0.6206896551724138,0.44,0.3548387096774194,0.34782608695652173,0.23529411764705882,0.15384615384615385,0.16000000000000003,0.5789473684210527,0.31755915317559147,0.2131398013750955,0.6807881773399016,0.7314208702348864,0.3448275862068964,0.5,0.4545454545454545,0.41666666666666663,0.36363636363636365,0.33333333333333337,0.2727272727272727,0.2857142857142857,0.14285714285714285,0.25,0.8,0.5833333333333334,0.08860759493670885,0.16666666666666666,0.5833333333333333,0.6785714285714286,0.4,0.8095238095238095,134,0.0
271,South Carolina ,0.7619047619047619,0.8275862068965517,0.6799999999999999,0.3548387096774194,0.3043478260869565,0.2941176470588235,0.3076923076923077,0.44000000000000006,0.31578947368421056,0.6109589041095891,0.08708938120702828,2022,0.44758620689655165,0.48587968635138457,0.2532327586206897,0.5673076923076923,0.36363636363636365,0.5,0.36363636363636365,0.75,0.2727272727272727,0.42857142857142855,0.2857142857142857,0.25,0.6000000000000001,0.5555555555555556,0.9999999999999999,0.16666666666666666,1.0,1.0,0.5,0.7777777777777779,Connecticut ,0.0,0.06896551724137931,0.07999999999999999,0.12903225806451613,0.5217391304347827,0.1764705882352941,0.38461538461538464,0.44000000000000006,0.8421052631578947,0.0015220700152207903,0.1443850267379679,0.5310344827586206,0.5595119875159597,0.3663793103448276,0.0625,0.0,0.0,0.09090909090909091,0.33333333333333337,0.1818181818181818,0.2857142857142857,0.14285714285714285,0.25,0.6000000000000001,0.22222222222222218,0.00681596884128529,0.16666666666666666,1.0,1.0,0.5,0.3333333333333333,135,1.0
273,Stanford ,0.3333333333333333,0.3793103448275862,0.4,0.3548387096774194,0.34782608695652173,0.5882352941176471,0.23076923076923078,0.32,0.5789473684210527,0.23785803237858036,0.12980068060281966,2022,0.410344827586207,0.503541653607472,0.2286356821589205,0.5192307692307693,0.2727272727272727,0.24999999999999997,0.1818181818181818,0.5833333333333334,0.1818181818181818,0.42857142857142855,0.2857142857142857,0.25,0.6000000000000001,0.38888888888888895,0.240506329113924,0.12037037037037038,0.2857142857142856,0.35714285714285715,0.5,0.7333333333333334,Connecticut ,0.7142857142857142,0.6206896551724138,0.44,0.5806451612903226,0.5217391304347827,0.23529411764705882,0.15384615384615385,0.64,0.5789473684210527,0.6049026676279741,0.10216718266253869,0.45117967332123415,0.3808374600388641,0.5603448275862069,0.75,0.2727272727272727,0.24999999999999997,0.36363636363636365,0.24999999999999997,0.36363636363636365,0.2857142857142857,0.14285714285714285,0.5,0.6000000000000001,0.22222222222222218,0.1561181434599156,0.16666666666666666,0.423076923076923,0.46428571428571436,0.3333333333333333,1.0,136,0.0
275,Colorado ,0.42857142857142855,0.3793103448275862,0.4,0.25806451612903225,0.6086956521739131,0.4117647058823529,0.3076923076923077,0.2,0.7894736842105263,0.297340854149879,0.3048128342245989,2022,0.6002028397565924,0.6596347433852249,0.2949183303085298,0.7115384615384616,0.1818181818181818,0.24999999999999997,0.2727272727272727,0.24999999999999997,0.36363636363636365,0.2857142857142857,0.2857142857142857,0.125,0.6000000000000001,0.5833333333333334,0.07172995780590716,0.2592592592592593,0.6666666666666666,0.7662337662337664,0.5,1.0,Creighton ,0.8095238095238095,0.6206896551724138,0.24000000000000002,0.3548387096774194,0.5652173913043479,0.1176470588235294,0.15384615384615385,0.48,0.31578947368421056,0.6856524873828406,0.1443850267379679,0.7386569872958257,0.6983614697120161,0.676043557168784,0.875,0.4545454545454545,0.33333333333333337,0.09090909090909091,0.24999999999999997,0.1818181818181818,0.2857142857142857,0.14285714285714285,0.5,0.6000000000000001,0.2777777777777778,0.1561181434599156,0.12037037037037038,1.0,1.0,1.0,1.0,137,0.0
277,Iowa ,0.2857142857142857,0.20689655172413793,0.24000000000000002,0.4193548387096774,0.6956521739130435,0.47058823529411764,0.38461538461538464,0.08000000000000002,0.2631578947368421,0.18904109589041104,0.5614973262032086,2022,0.4280788177339901,0.4592318059299193,0.3252351097178683,0.84375,0.2727272727272727,0.16666666666666666,0.2727272727272727,0.5,0.9090909090909091,0.2857142857142857,0.2857142857142857,0.0,0.4000000000000001,0.5833333333333334,0.04063957361758824,0.9999999999999999,0.5,0.4857142857142857,0.3333333333333333,1.0,Creighton ,0.23809523809523808,0.27586206896551724,0.5599999999999999,0.6451612903225806,0.5652173913043479,0.1176470588235294,0.46153846153846156,0.44000000000000006,0.3684210526315789,0.16499693314250663,0.15584415584415584,0.4302624806999486,0.47255574614065177,0.44624746450304253,0.5,0.09090909090909091,0.16666666666666666,0.1818181818181818,0.41666666666666663,0.36363636363636365,0.14285714285714285,0.2857142857142857,0.25,0.4000000000000001,0.36111111111111116,0.029535864978902933,0.4444444444444444,0.41666666666666663,1.0,0.4285714285714285,1.0,138,0.0
279,Iowa State ,0.5238095238095237,0.4482758620689655,0.32,0.3870967741935484,0.2608695652173913,0.1176470588235294,0.3076923076923077,0.28,0.6842105263157894,0.39726027397260266,0.11229946524064172,2022,0.47684729064039405,0.4669456660519222,0.49310344827586217,0.75,0.5454545454545454,0.41666666666666663,0.09090909090909091,0.41666666666666663,0.4545454545454545,0.14285714285714285,0.14285714285714285,0.25,0.4000000000000001,0.4444444444444444,0.1484464902186421,0.16666666666666666,1.0,1.0,0.75,1.0,Creighton ,0.5714285714285714,0.48275862068965514,0.16,0.4838709677419355,0.5652173913043479,0.1764705882352941,0.15384615384615385,0.28,0.631578947368421,0.47472838923004246,0.22459893048128343,0.6147443519619502,0.5258515069835824,0.710344827586207,0.765625,0.4545454545454545,0.5,0.0,0.41666666666666663,0.2727272727272727,0.2857142857142857,0.14285714285714285,0.25,0.6000000000000001,0.36111111111111116,0.17721518987341767,0.16666666666666666,0.53125,1.0,0.5,1.0,139,0.0
281,South Carolina ,0.9523809523809523,0.8620689655172413,0.4,0.5806451612903226,0.34782608695652173,0.23529411764705882,0.38461538461538464,0.16000000000000003,0.2631578947368421,0.8376089663760895,0.2131398013750955,2022,0.7393103448275862,0.6822629790226181,0.5172413793103449,0.7222222222222222,0.36363636363636365,0.5,0.4545454545454545,0.33333333333333337,0.1818181818181818,0.42857142857142855,0.14285714285714285,0.0,0.2,0.36111111111111116,0.1983122362869198,0.07407407407407407,0.7222222222222222,0.7142857142857142,1.0,1.0,Creighton ,0.0,0.10344827586206898,0.12,0.032258064516129004,0.6521739130434783,0.1176470588235294,0.0,0.32,0.7894736842105263,0.0,0.23189110354885756,0.4646551724137931,0.4299191374663074,0.5172413793103449,0.0,0.0,0.0,0.0,0.0,0.4545454545454545,0.0,0.0,0.25,0.4000000000000001,0.16666666666666666,0.004219409282700405,0.2592592592592593,0.375,0.35714285714285715,0.3333333333333333,1.0,140,1.0
283,Georgia ,0.9523809523809523,0.9655172413793104,0.5599999999999999,0.5483870967741935,0.6521739130434783,0.3529411764705882,0.46153846153846156,0.48,0.10526315789473684,0.7643835616438356,0.1657754010695187,2022,0.5158620689655173,0.4755166217430369,0.21551724137931028,0.625,0.1818181818181818,0.16666666666666666,0.09090909090909091,0.5,0.5454545454545454,0.2857142857142857,0.42857142857142855,0.25,0.2,0.36111111111111116,0.1561181434599156,0.19753086419753083,0.4642857142857142,0.4489795918367347,0.5,1.0,Dayton ,0.047619047619047616,0.06896551724137931,0.24000000000000002,0.25806451612903225,0.5217391304347827,0.2941176470588235,0.3076923076923077,0.44000000000000006,0.736842105263158,0.0308219178082193,0.1443850267379679,0.4326508620689656,0.37639165592405954,0.5172413793103449,0.375,0.0,0.0,0.09090909090909091,0.24999999999999997,0.2727272727272727,0.14285714285714285,0.2857142857142857,0.5,0.6000000000000001,0.41666666666666663,0.0,0.16666666666666666,0.375,0.2653061224489795,1.0,0.3333333333333333,141,1.0
285,Maryland ,0.7142857142857142,0.5172413793103448,0.36000000000000004,0.4838709677419355,0.7391304347826086,0.3529411764705882,0.23076923076923078,0.28,0.2631578947368421,0.5342465753424658,0.2887700534759358,2022,0.9127155172413792,0.8456260720411665,0.8189655172413793,0.9264705882352939,0.36363636363636365,0.24999999999999997,0.1818181818181818,0.33333333333333337,0.4545454545454545,0.42857142857142855,0.14285714285714285,0.25,0.4000000000000001,0.5,0.09282700421940927,0.5370370370370371,0.6428571428571429,0.8163265306122449,0.75,1.0,Delaware ,0.3333333333333333,0.2413793103448276,0.48000000000000004,0.09677419354838712,0.391304347826087,0.2941176470588235,0.15384615384615385,0.28,0.5263157894736843,0.1949420442571127,0.16042780748663102,0.43183023872679055,0.4232823068707725,0.42068965517241386,0.8611111111111112,0.4545454545454545,0.41666666666666663,0.36363636363636365,0.24999999999999997,0.36363636363636365,0.42857142857142855,0.14285714285714285,0.25,0.6000000000000001,0.6944444444444444,0.050632911392405056,0.21296296296296294,1.0,1.0,0.4,1.0,142,1.0
287,Texas ,0.7142857142857142,0.8275862068965517,0.52,0.32258064516129037,0.6086956521739131,0.5882352941176471,0.15384615384615385,0.4,0.8421052631578947,0.5937647614548889,0.181406828465652,2022,0.5794292508917953,0.495872641509434,0.6379310344827587,0.5192307692307693,0.09090909090909091,0.41666666666666663,0.09090909090909091,0.24999999999999997,0.9090909090909091,0.5714285714285714,0.0,0.125,0.4000000000000001,0.11111111111111113,0.07172995780590716,0.4907407407407407,0.5833333333333333,0.5714285714285714,1.0,1.0,Fairfield ,0.857142857142857,0.7241379310344828,0.07999999999999999,0.29032258064516125,0.3043478260869565,0.5882352941176471,0.0,0.68,0.736842105263158,0.9999999999999999,0.05614973262032085,0.4280788177339901,0.3659642244547905,0.5172413793103449,0.7826086956521738,0.4545454545454545,0.41666666666666663,0.0,0.24999999999999997,0.36363636363636365,0.7142857142857142,0.0,1.0,0.8,0.3055555555555556,0.3670886075949366,0.03292181069958848,0.375,0.35714285714285715,1.0,1.0,143,1.0
289,Central Florida ,0.4761904761904761,0.5172413793103448,0.24000000000000002,0.3870967741935484,0.7391304347826086,0.3529411764705882,0.6923076923076923,0.08000000000000002,0.6842105263157894,0.3672116659301813,0.5935828877005348,2022,0.621579532814238,0.5892030717591416,0.3160919540229885,0.5588235294117647,0.09090909090909091,0.16666666666666666,0.0,0.33333333333333337,0.5454545454545454,0.14285714285714285,0.7142857142857142,0.0,0.6000000000000001,0.33333333333333337,0.04360056258790435,0.6296296296296297,0.5,0.4857142857142857,0.4,1.0,Florida ,0.5238095238095237,0.5517241379310345,0.52,0.29032258064516125,0.34782608695652173,0.1176470588235294,0.23076923076923078,0.52,0.8421052631578947,0.4191780821917809,0.08422459893048129,0.3110344827586207,0.34198113207547176,0.2758620689655173,0.5833333333333333,0.36363636363636365,0.33333333333333337,0.1818181818181818,0.5,0.4545454545454545,0.14285714285714285,0.14285714285714285,0.5,0.8,0.3055555555555556,0.1561181434599156,0.2592592592592593,0.423076923076923,0.5324675324675325,1.0,1.0,144,1.0
291,Maryland ,0.9999999999999998,0.9655172413793104,0.24000000000000002,0.5483870967741935,0.43478260869565216,0.4117647058823529,0.15384615384615385,0.28,0.47368421052631576,0.8170420246110982,0.1764705882352941,2022,0.7380479251899474,0.6671472450322823,0.7058189655172414,0.6666666666666666,0.9090909090909091,0.9999999999999999,0.1818181818181818,0.5,0.2727272727272727,0.42857142857142855,0.14285714285714285,0.25,0.4000000000000001,0.5,0.451476793248945,0.07407407407407407,0.7916666666666667,0.7857142857142858,1.0,1.0,Florida Gulf Coast ,0.14285714285714285,0.13793103448275862,0.28,0.3548387096774194,0.5217391304347827,0.2941176470588235,0.07692307692307693,0.48,0.8421052631578947,0.10052687038988412,0.1336898395721925,0.48435013262599474,0.5471698113207548,0.48275862068965525,0.5833333333333333,0.09090909090909091,0.0,0.09090909090909091,0.5,0.4545454545454545,0.42857142857142855,0.14285714285714285,0.875,0.6000000000000001,0.3055555555555556,0.04360056258790435,0.35185185185185186,0.4444444444444444,1.0,0.625,1.0,145,1.0
293,Virginia Tech ,0.6666666666666665,0.6206896551724138,0.24000000000000002,0.5161290322580645,0.47826086956521735,0.0,0.07692307692307693,0.28,0.4210526315789473,0.5342465753424658,0.1925133689839572,2022,0.7206896551724138,0.708048642888485,0.552738336713996,0.6875,0.8181818181818182,0.9999999999999999,0.36363636363636365,0.08333333333333334,0.36363636363636365,0.14285714285714285,0.14285714285714285,0.25,0.6000000000000001,0.9999999999999999,0.1561181434599156,0.16666666666666666,0.5833333333333333,0.5714285714285714,0.5,1.0,Florida Gulf Coast ,0.38095238095238093,0.31034482758620685,0.04,0.4193548387096774,0.7391304347826086,0.3529411764705882,0.07692307692307693,0.0,0.6842105263157894,0.28253424657534254,1.0,0.6566810344827587,0.7410843873108025,0.6284029038112522,0.7727272727272727,0.2727272727272727,0.33333333333333337,0.0,0.41666666666666663,0.7272727272727273,0.42857142857142855,0.14285714285714285,0.0,0.8,0.4444444444444444,0.240506329113924,0.8148148148148148,0.5833333333333333,1.0,0.6,1.0,146,0.0
295,Iowa State ,0.6190476190476191,0.6206896551724138,0.24000000000000002,0.6129032258064516,0.47826086956521735,0.4117647058823529,0.23076923076923078,0.36,0.15789473684210525,0.49589041095890407,0.15775401069518716,2022,0.44758620689655165,0.34435783492387273,0.6221889055472265,0.625,0.4545454545454545,0.33333333333333337,0.1818181818181818,0.5833333333333334,0.7272727272727273,0.42857142857142855,0.14285714285714285,0.375,0.4000000000000001,0.38888888888888895,0.1561181434599156,0.1898148148148148,0.23076923076923073,0.2285714285714286,0.6666666666666666,1.0,Georgia ,0.047619047619047616,0.0,0.32,0.4193548387096774,0.47826086956521735,0.3529411764705882,1.0,0.48,0.6842105263157894,0.03314184710561206,0.1229946524064171,0.3242491657397109,0.29992382514941984,0.3663793103448276,1.0,0.09090909090909091,0.0,0.09090909090909091,0.5,0.09090909090909091,0.2857142857142857,0.7142857142857142,0.25,0.2,0.2777777777777778,0.026290165530671844,0.07407407407407407,0.33823529411764697,0.39999999999999997,0.4,1.0,147,1.0
297,Kansas ,0.5238095238095237,0.5172413793103448,0.32,0.5161290322580645,0.47826086956521735,0.23529411764705882,0.46153846153846156,0.24,0.5263157894736843,0.4043305346884667,0.2156862745098039,2022,0.6876529477196887,0.6424359838274935,0.5603448275862069,0.6323529411764707,0.2727272727272727,0.24999999999999997,0.2727272727272727,0.33333333333333337,0.1818181818181818,0.2857142857142857,0.2857142857142857,0.25,0.4000000000000001,0.36111111111111116,0.06523855890944498,0.2592592592592593,0.625,0.6142857142857141,1.0,0.7333333333333334,Georgia Tech ,0.09523809523809523,0.13793103448275862,0.19999999999999998,0.29032258064516125,0.391304347826087,0.23529411764705882,0.46153846153846156,0.4,0.47368421052631576,0.07026071586389748,0.11970382558617851,0.48943270300333713,0.4556570902636251,0.5172413793103449,0.375,0.09090909090909091,0.16666666666666666,0.1818181818181818,0.6666666666666666,0.2727272727272727,0.5714285714285714,0.42857142857142855,0.375,0.6000000000000001,0.33333333333333337,0.04360056258790435,0.16666666666666666,0.6590909090909092,0.8163265306122449,0.5,0.3333333333333333,148,1.0
299,Louisville ,0.42857142857142855,0.3793103448275862,0.44,0.16129032258064513,0.47826086956521735,0.5294117647058824,0.38461538461538464,0.2,0.6842105263157894,0.31849315068493156,0.24465240641711228,2022,0.5286637931034484,0.5444430514636746,0.43103448275862066,0.7115384615384616,0.4545454545454545,0.41666666666666663,0.36363636363636365,0.33333333333333337,0.1818181818181818,0.7142857142857142,0.2857142857142857,0.0,0.6000000000000001,0.41666666666666663,0.10418695228821809,0.2592592592592593,0.53125,0.5178571428571428,0.5,1.0,Gonzaga ,0.7619047619047619,0.6206896551724138,0.44,0.32258064516129037,0.34782608695652173,0.23529411764705882,0.23076923076923078,0.56,0.5263157894736843,0.7413698630136987,0.07832651777288455,0.47489655172413797,0.6057951482479785,0.2758620689655173,0.8125,0.36363636363636365,0.24999999999999997,0.2727272727272727,0.24999999999999997,0.09090909090909091,0.14285714285714285,0.14285714285714285,0.625,0.4000000000000001,0.22222222222222218,0.13200723327305602,0.07407407407407407,0.3181818181818181,0.5178571428571428,0.2857142857142857,1.0,149,1.0
301,Nebraska ,0.42857142857142855,0.5172413793103448,0.4,0.22580645161290325,0.34782608695652173,0.2941176470588235,0.23076923076923078,0.28,0.47368421052631576,0.36986301369862995,0.1443850267379679,2022,0.35492610837438426,0.1919692405263993,0.6543887147335424,0.4852941176470589,0.4545454545454545,0.41666666666666663,0.36363636363636365,0.24999999999999997,0.2727272727272727,0.42857142857142855,0.2857142857142857,0.125,0.6000000000000001,0.38888888888888895,0.08860759493670885,0.16666666666666666,0.375,0.35714285714285715,0.5,0.8095238095238095,Gonzaga ,0.4761904761904761,0.4137931034482758,0.28,0.4838709677419355,0.5217391304347827,0.3529411764705882,0.3076923076923077,0.4,0.5789473684210527,0.410958904109589,0.15672562731386258,0.647536945812808,0.6734397677793905,0.44624746450304253,0.7321428571428571,0.09090909090909091,0.08333333333333334,0.2727272727272727,0.24999999999999997,0.2727272727272727,0.42857142857142855,0.2857142857142857,0.375,0.4000000000000001,0.38888888888888895,0.08860759493670885,0.07407407407407407,0.75,0.7428571428571429,1.0,1.0,150,0.0
303,Baylor ,0.5238095238095237,0.5862068965517241,0.44,0.9999999999999999,0.826086956521739,0.23529411764705882,0.23076923076923078,0.28,0.2631578947368421,0.3773349937733499,0.32085561497326204,2022,0.7827586206896551,0.8207547169811321,0.5172413793103449,0.5394736842105263,0.5454545454545454,0.75,0.2727272727272727,0.75,0.4545454545454545,0.14285714285714285,0.2857142857142857,0.125,0.2,0.4722222222222222,0.20886075949367083,0.5370370370370371,0.84375,1.0,1.0,1.0,Hawaii ,0.38095238095238093,0.27586206896551724,0.4,0.32258064516129037,0.3043478260869565,0.23529411764705882,0.15384615384615385,0.24,0.47368421052631576,0.2465753424657535,0.1443850267379679,0.15172413793103456,0.09668038019577235,0.3397565922920892,0.875,0.5454545454545454,0.41666666666666663,0.1818181818181818,0.75,0.1818181818181818,0.14285714285714285,0.14285714285714285,0.25,0.4000000000000001,0.6388888888888888,0.07594936708860758,0.2592592592592593,0.25,0.2285714285714286,0.5,1.0,151,1.0
305,South Carolina ,0.6666666666666665,0.6551724137931034,1.0,0.6774193548387096,0.7826086956521738,0.6470588235294117,0.38461538461538464,0.44000000000000006,0.05263157894736842,0.3958730709207561,0.2131398013750955,2022,0.4225229157573112,0.5843468542502137,0.2949183303085298,0.6428571428571429,0.2727272727272727,0.24999999999999997,0.5454545454545454,0.5,0.09090909090909091,0.42857142857142855,0.42857142857142855,0.0,0.0,0.11111111111111113,0.240506329113924,0.16666666666666666,0.4642857142857142,0.5714285714285714,0.2857142857142857,1.0,Howard ,0.14285714285714285,0.06896551724137931,0.12,0.25806451612903225,0.0,0.3529411764705882,0.23076923076923078,0.68,0.5263157894736843,0.12937595129375945,0.0,0.0,0.0,0.1149425287356322,1.0,0.2727272727272727,0.16666666666666666,0.09090909090909091,0.16666666666666666,0.0,0.14285714285714285,0.14285714285714285,0.375,0.2,0.05555555555555555,0.06523855890944498,0.004629629629629629,0.0,0.0,0.0,1.0,152,1.0
307,Iowa ,0.9047619047619047,0.6551724137931034,0.0,0.6129032258064516,1.0,0.5294117647058824,0.3076923076923077,0.32,0.6842105263157894,0.7957658779576586,0.3485658726300438,2022,0.9255172413793102,1.0,0.7493368700265252,0.9404761904761905,0.5454545454545454,0.41666666666666663,0.0,0.41666666666666663,0.8181818181818182,0.42857142857142855,0.42857142857142855,0.375,0.6000000000000001,0.5833333333333334,0.240506329113924,0.35185185185185186,1.0,1.0,0.5,1.0,Illinois State ,0.42857142857142855,0.3793103448275862,0.5599999999999999,0.22580645161290325,0.34782608695652173,0.23529411764705882,0.07692307692307693,0.36,0.6842105263157894,0.2830407100135057,0.11764705882352941,0.30237979601748416,0.4801694262610704,0.21551724137931028,0.7115384615384616,0.2727272727272727,0.24999999999999997,0.36363636363636365,0.16666666666666666,0.1818181818181818,0.2857142857142857,0.14285714285714285,0.125,0.6000000000000001,0.5277777777777778,0.08860759493670885,0.2592592592592593,0.3452380952380951,1.0,0.3333333333333333,1.0,153,1.0
309,Oklahoma ,0.7142857142857142,0.7586206896551724,0.28,0.6451612903225806,0.6086956521739131,0.3529411764705882,0.3076923076923077,0.28,0.5263157894736843,0.5433789954337899,0.24064171122994654,2022,0.5743842364532019,0.5618261455525607,0.5434782608695652,0.5833333333333333,0.6363636363636364,0.5833333333333334,0.1818181818181818,0.5,0.2727272727272727,0.42857142857142855,0.2857142857142857,0.125,0.8,0.4444444444444444,0.1714614499424626,0.2592592592592593,0.5535714285714286,1.0,0.6666666666666666,1.0,IUPUI ,0.5714285714285714,0.48275862068965514,0.44,0.4193548387096774,0.47826086956521735,0.23529411764705882,0.38461538461538464,0.24,0.5789473684210527,0.3744292237442921,0.2156862745098039,0.43620689655172423,0.5832469417375078,0.29780564263322884,0.765625,0.6363636363636364,0.5,0.6363636363636364,0.24999999999999997,0.4545454545454545,0.2857142857142857,0.14285714285714285,0.375,0.8,0.33333333333333337,0.1431353456669912,0.5370370370370371,0.25,1.0,0.3333333333333333,1.0,154,1.0
311,Louisiana State ,0.9523809523809523,0.9999999999999999,0.32,0.5161290322580645,0.6956521739130435,0.5294117647058824,0.6923076923076923,0.32,0.7894736842105263,0.6119955572010365,0.24647544968400587,2022,0.5269338303821063,0.484034833091437,0.3160919540229885,0.596774193548387,0.6363636363636364,0.9166666666666666,0.36363636363636365,0.5833333333333334,0.6363636363636364,0.5714285714285714,1.0,0.25,0.8,0.5555555555555556,0.08860759493670885,0.4444444444444444,0.40217391304347827,0.41558441558441556,0.4,0.48717948717948717,Jackson State ,0.857142857142857,0.9310344827586207,0.44,0.5161290322580645,0.391304347826087,0.23529411764705882,0.3076923076923077,0.48,0.9473684210526316,0.6019339242546332,0.1016042780748663,0.4495943204868154,0.2905456949600772,0.8793103448275862,0.5689655172413792,0.5454545454545454,0.75,0.1818181818181818,0.5833333333333334,0.2727272727272727,0.14285714285714285,0.2857142857142857,0.375,0.8,0.41666666666666663,0.1484464902186421,0.35185185185185186,0.5833333333333333,0.5714285714285714,0.6666666666666666,0.6666666666666667,155,1.0
313,Stanford ,0.42857142857142855,0.31034482758620685,0.32,0.3548387096774194,0.7391304347826086,0.5882352941176471,0.38461538461538464,0.44000000000000006,0.4210526315789473,0.34246575342465746,0.20168067226890757,2022,0.8572413793103448,0.8127081021087682,0.8189655172413793,0.8863636363636365,0.09090909090909091,0.0,0.1818181818181818,0.5833333333333334,0.2727272727272727,0.8571428571428571,0.2857142857142857,0.25,0.4000000000000001,0.8333333333333334,0.11392405063291138,0.16666666666666666,0.5833333333333333,1.0,0.5454545454545454,1.0,Kansas ,0.3333333333333333,0.27586206896551724,0.16,0.16129032258064513,0.34782608695652173,0.1176470588235294,0.3076923076923077,0.6,0.6842105263157894,0.276334435521965,0.07308377896613191,0.6147443519619502,0.5122440786832597,0.7366771159874607,0.75,0.1818181818181818,0.24999999999999997,0.1818181818181818,0.24999999999999997,0.2727272727272727,0.14285714285714285,0.42857142857142855,0.375,0.6000000000000001,0.19444444444444445,0.17721518987341767,0.16666666666666666,0.75,0.7428571428571429,1.0,1.0,156,1.0
315,NC State ,0.42857142857142855,0.48275862068965514,0.28,0.32258064516129037,0.6086956521739131,0.47058823529411764,0.07692307692307693,0.12,0.4210526315789473,0.31849315068493156,0.4117647058823529,2022,0.8167025862068966,0.742587601078167,0.7713248638838475,0.53125,0.1818181818181818,0.08333333333333334,0.0,0.24999999999999997,0.2727272727272727,0.14285714285714285,0.0,0.0,0.2,0.33333333333333337,0.7468354430379746,0.35185185185185186,1.0,1.0,1.0,1.0,Kansas State ,0.5238095238095237,0.4137931034482758,0.12,0.19354838709677413,0.3043478260869565,0.23529411764705882,0.15384615384615385,0.52,0.47368421052631576,0.522504892367906,0.07419786096256684,0.4907811400422238,0.6057951482479785,0.42068965517241386,0.8214285714285714,0.1818181818181818,0.16666666666666666,0.09090909090909091,0.33333333333333337,0.1818181818181818,0.5714285714285714,0.14285714285714285,0.5,0.6000000000000001,0.3055555555555556,0.11392405063291138,0.16666666666666666,0.375,0.6785714285714286,0.5,1.0,157,1.0
317,Washington State ,0.38095238095238093,0.4137931034482758,0.28,0.6129032258064516,0.13043478260869565,0.058823529411764705,0.15384615384615385,0.56,0.9473684210526316,0.3287671232876712,0.031141868512110718,2022,0.2086206896551725,0.29542571745679413,0.16065830721003127,0.5535714285714286,0.36363636363636365,0.33333333333333337,0.1818181818181818,0.75,0.09090909090909091,0.14285714285714285,0.14285714285714285,0.375,0.6000000000000001,0.38888888888888895,0.240506329113924,0.07407407407407407,0.2361111111111111,0.41558441558441556,0.25,0.7777777777777779,Kansas State ,0.857142857142857,0.689655172413793,0.19999999999999998,0.5806451612903226,0.2173913043478261,0.2941176470588235,0.23076923076923078,0.32,0.31578947368421056,0.7839234944430085,0.08604764219737482,0.2376057254391673,0.22247563756997718,0.30172413793103436,0.8295454545454546,0.8181818181818182,0.8333333333333334,0.09090909090909091,0.9166666666666666,0.09090909090909091,0.14285714285714285,0.14285714285714285,0.125,0.6000000000000001,0.38888888888888895,0.21749136939010355,0.07407407407407407,0.3181818181818181,0.29870129870129863,0.5,0.8333333333333333,158,0.0
319,NC State ,0.7142857142857142,0.689655172413793,0.6799999999999999,0.4516129032258064,0.5652173913043479,0.47058823529411764,0.38461538461538464,0.36,0.736842105263158,0.4703196347031964,0.18449197860962566,2022,0.7206896551724138,0.7741870734644721,0.49310344827586217,0.6590909090909092,0.5454545454545454,0.5,0.36363636363636365,0.16666666666666666,0.36363636363636365,0.42857142857142855,0.14285714285714285,0.25,0.4000000000000001,0.2777777777777778,0.3417721518987341,0.07407407407407407,0.84375,1.0,0.6666666666666666,0.8333333333333333,Longwood ,0.5714285714285714,0.48275862068965514,0.5599999999999999,0.29032258064516125,0.3043478260869565,0.1764705882352941,0.15384615384615385,0.44000000000000006,0.6842105263157894,0.39249553305539,0.08708938120702828,0.37931034482758624,0.391891891891892,0.4229525862068966,0.765625,0.2727272727272727,0.16666666666666666,0.2727272727272727,0.33333333333333337,0.4545454545454545,0.2857142857142857,0.14285714285714285,0.375,0.4000000000000001,0.5277777777777778,0.03797468354430379,0.12037037037037038,0.25,0.42857142857142866,0.3846153846153846,1.0,159,1.0
321,South Carolina ,0.5238095238095237,0.5172413793103448,0.28,0.3870967741935484,0.7391304347826086,0.5882352941176471,0.3076923076923077,0.44000000000000006,0.31578947368421056,0.4434030281182406,0.20168067226890757,2022,0.6667876588021777,0.6497641509433963,0.552738336713996,0.6323529411764707,0.4545454545454545,0.41666666666666663,0.4545454545454545,0.8333333333333334,0.2727272727272727,0.2857142857142857,0.2857142857142857,0.5,0.4000000000000001,0.4722222222222222,0.11392405063291138,0.16666666666666666,0.6428571428571429,0.7857142857142858,0.5,1.0,Louisville ,0.14285714285714285,0.17241379310344826,0.4,0.19354838709677413,0.13043478260869565,0.7058823529411764,0.15384615384615385,0.48,0.631578947368421,0.10502283105022822,0.0374331550802139,0.5743842364532019,0.557828963489341,0.14008620689655177,0.4642857142857142,0.09090909090909091,0.16666666666666666,0.2727272727272727,0.41666666666666663,0.1818181818181818,0.5714285714285714,0.14285714285714285,0.375,0.8,0.33333333333333337,0.03337169159953969,0.05092592592592593,0.43181818181818177,0.41558441558441556,0.3333333333333333,0.5555555555555556,160,1.0
323,Stanford ,0.6190476190476191,0.6551724137931034,0.5599999999999999,0.5806451612903226,0.5652173913043479,0.1176470588235294,0.7692307692307693,0.6,0.8947368421052633,0.5241528478731072,0.11764705882352941,2022,0.6308529945553538,0.7035040431266848,0.43103448275862066,0.5833333333333333,0.4545454545454545,0.5833333333333334,0.2727272727272727,0.41666666666666663,0.4545454545454545,0.14285714285714285,0.7142857142857142,0.25,0.8,0.36111111111111116,0.1561181434599156,0.16666666666666666,1.0,1.0,1.0,1.0,Maryland ,0.7619047619047619,0.7241379310344828,0.36000000000000004,0.032258064516129004,0.2608695652173913,0.6470588235294117,0.23076923076923078,0.16000000000000003,0.9473684210526316,0.5342465753424658,0.16730328495034374,0.3893509127789048,0.4442763628362396,0.19963702359346636,0.6739130434782608,0.8181818181818182,0.8333333333333334,0.36363636363636365,0.16666666666666666,0.09090909090909091,0.7142857142857142,0.42857142857142855,0.125,0.8,0.5277777777777778,0.14556962025316456,0.16666666666666666,0.296875,0.35714285714285715,1.0,1.0,161,1.0
325,Notre Dame ,0.6190476190476191,0.5862068965517241,0.44,0.3548387096774194,0.6956521739130435,0.2941176470588235,0.23076923076923078,0.4,0.3684210526315789,0.5049918736939865,0.20608802961744138,2022,0.8769140853302162,0.8570465922217946,0.6592292089249493,0.6710526315789473,0.4545454545454545,0.5,0.09090909090909091,0.6666666666666666,0.9090909090909091,0.14285714285714285,0.2857142857142857,0.625,0.2,0.36111111111111116,0.12543153049482159,0.16666666666666666,0.6590909090909092,1.0,0.625,1.0,Massachusetts ,0.5714285714285714,0.4137931034482758,0.28,0.0,0.5652173913043479,0.5294117647058824,0.0,0.24,0.631578947368421,0.4263698630136986,0.25133689839572193,0.6246767241379312,0.5325134770889488,0.7058189655172414,0.9107142857142858,0.2727272727272727,0.16666666666666666,0.1818181818181818,0.08333333333333334,0.4545454545454545,0.7142857142857142,0.0,0.75,0.4000000000000001,0.6944444444444444,0.05967450271247739,0.21296296296296294,1.0,1.0,0.75,1.0,162,1.0
327,Connecticut ,0.4761904761904761,0.5862068965517241,0.6799999999999999,0.6451612903225806,0.7391304347826086,0.7647058823529411,0.15384615384615385,0.48,0.5263157894736843,0.3367409527703945,0.18716577540106952,2022,0.6136901698404529,0.517857142857143,0.7183908045977011,0.4736842105263158,0.09090909090909091,0.0,0.2727272727272727,0.16666666666666666,0.36363636363636365,0.5714285714285714,0.14285714285714285,0.25,0.4000000000000001,0.19444444444444445,0.07172995780590716,0.4444444444444444,0.6875,0.4857142857142857,1.0,1.0,Mercer ,0.38095238095238093,0.4137931034482758,0.28,0.25806451612903225,0.08695652173913043,0.4117647058823529,0.15384615384615385,0.6,0.6842105263157894,0.3287671232876712,0.0196078431372549,0.17204433497536947,0.1261333006616025,0.3663793103448276,0.5535714285714286,0.4545454545454545,0.5,0.1818181818181818,0.0,0.0,0.7142857142857142,0.0,0.5,0.4000000000000001,0.16666666666666666,0.4936708860759493,0.0,0.375,1.0,0.3333333333333333,1.0,163,1.0
329,South Carolina ,0.38095238095238093,0.48275862068965514,0.6799999999999999,0.4516129032258064,0.3043478260869565,0.23529411764705882,0.6153846153846154,0.44000000000000006,0.2631578947368421,0.2984504828205703,0.08708938120702828,2022,0.3009609949123799,0.299034664326459,0.3160919540229885,0.453125,0.09090909090909091,0.33333333333333337,0.36363636363636365,0.8333333333333334,0.2727272727272727,0.2857142857142857,0.2857142857142857,0.375,0.6000000000000001,0.11111111111111113,0.07172995780590716,0.16666666666666666,0.16666666666666663,0.35714285714285715,0.6666666666666666,1.0,Miami ,0.23809523809523808,0.20689655172413793,0.07999999999999999,0.25806451612903225,0.17391304347826086,0.2941176470588235,0.3076923076923077,0.6,0.5263157894736843,0.2590827873734365,0.0374331550802139,0.18635682158920552,0.11725067385444748,0.3901996370235935,0.6875,0.09090909090909091,0.16666666666666666,0.09090909090909091,0.16666666666666666,0.09090909090909091,0.14285714285714285,0.14285714285714285,0.375,0.4000000000000001,0.0,0.03797468354430379,0.07407407407407407,0.02777777777777779,0.08163265306122452,0.0,0.3333333333333333,164,1.0
331,Louisville ,0.2857142857142857,0.2413793103448276,0.19999999999999998,0.25806451612903225,0.43478260869565216,0.8235294117647058,0.3076923076923077,0.32,0.631578947368421,0.23665564478034964,0.15896937287311616,2022,0.5794292508917953,0.5444430514636746,0.5172413793103449,0.7222222222222222,0.1818181818181818,0.16666666666666666,0.09090909090909091,0.9999999999999999,0.2727272727272727,0.8571428571428571,0.14285714285714285,0.375,0.6000000000000001,0.4444444444444444,0.07172995780590716,0.35185185185185186,0.5,0.5054945054945055,0.75,1.0,Michigan ,0.6666666666666665,0.6206896551724138,0.36000000000000004,0.3870967741935484,0.3043478260869565,0.2941176470588235,0.15384615384615385,0.72,0.3684210526315789,0.7093508040500296,0.05271199388846446,0.40899550224887554,0.44091138814016184,0.30172413793103436,0.6875,0.8181818181818182,0.9166666666666666,0.36363636363636365,0.33333333333333337,0.1818181818181818,0.42857142857142855,0.14285714285714285,0.375,0.4000000000000001,0.33333333333333337,0.240506329113924,0.07407407407407407,1.0,1.0,0.0,0.6923076923076923,165,1.0
333,Ohio State ,0.9047619047619047,0.9655172413793104,0.36000000000000004,0.16129032258064513,0.391304347826087,0.7058823529411764,0.5384615384615385,0.28,0.6842105263157894,0.7808219178082191,0.16042780748663102,2022,0.3915024630541873,0.4103773584905661,0.3663793103448276,0.5833333333333333,0.8181818181818182,0.8333333333333334,0.09090909090909091,0.16666666666666666,0.36363636363636365,0.7142857142857142,0.2857142857142857,0.25,0.4000000000000001,0.5277777777777778,0.1983122362869198,0.2592592592592593,0.47916666666666674,0.6785714285714286,0.5,1.0,Missouri State ,0.5238095238095237,0.5172413793103448,0.6799999999999999,0.5161290322580645,0.34782608695652173,0.23529411764705882,0.46153846153846156,0.72,0.7894736842105263,0.39726027397260266,0.060351413292589744,0.37931034482758624,0.29279546804330947,0.8189655172413793,0.6323529411764707,0.36363636363636365,0.33333333333333337,0.1818181818181818,0.33333333333333337,0.1818181818181818,0.42857142857142855,0.5714285714285714,0.375,0.6000000000000001,0.24999999999999997,0.08471275559883153,0.07407407407407407,0.375,0.35714285714285715,0.0,1.0,166,1.0
335,Stanford ,0.4761904761904761,0.5172413793103448,0.5599999999999999,0.7419354838709676,0.7826086956521738,0.6470588235294117,0.6153846153846154,0.48,0.2631578947368421,0.3483667017913593,0.1978609625668449,2022,0.6103978779840851,0.5444430514636746,0.6543887147335424,0.5588235294117647,0.1818181818181818,0.41666666666666663,0.5454545454545454,0.24999999999999997,0.36363636363636365,0.5714285714285714,0.5714285714285714,0.25,0.0,0.19444444444444445,0.0958408679927667,0.4444444444444444,0.4642857142857142,0.4489795918367347,0.5,0.23809523809523797,Montana State ,0.09523809523809523,0.06896551724137931,0.28,0.29032258064516125,0.3043478260869565,0.5294117647058824,0.07692307692307693,0.48,0.47368421052631576,0.06512118018967333,0.0802139037433155,0.16923076923076918,0.1982775622904478,0.21551724137931028,0.6875,0.09090909090909091,0.0,0.1818181818181818,0.16666666666666666,0.09090909090909091,0.42857142857142855,0.14285714285714285,0.625,0.2,0.0,0.03797468354430379,0.16666666666666666,0.0625,0.0,0.25,1.0,167,1.0
337,Arizona ,0.8095238095238095,0.8965517241379309,0.04,0.22580645161290325,0.34782608695652173,0.5882352941176471,0.23076923076923078,0.16000000000000003,0.8421052631578947,0.6986301369863013,0.2131398013750955,2022,0.6109605911330049,0.6497641509433963,0.3663793103448276,0.5535714285714286,0.6363636363636364,0.9166666666666666,0.0,0.41666666666666663,0.2727272727272727,0.5714285714285714,0.2857142857142857,0.125,0.8,0.6666666666666666,0.11392405063291138,0.16666666666666666,0.4078947368421052,1.0,0.5,0.6666666666666667,Nevada-Las Vegas ,0.42857142857142855,0.48275862068965514,0.12,0.5161290322580645,0.391304347826087,0.0,0.07692307692307693,0.52,0.631578947368421,0.4285714285714285,0.09425133689839571,0.7833919774806475,0.752358490566038,0.6100795755968169,0.53125,0.1818181818181818,0.16666666666666666,0.0,0.6666666666666666,0.36363636363636365,0.14285714285714285,0.14285714285714285,0.5,0.8,0.2777777777777778,0.07172995780590716,0.07407407407407407,0.625,0.6142857142857141,0.6,1.0,168,1.0
339,Arizona ,0.14285714285714285,0.17241379310344826,0.28,0.29032258064516125,0.5217391304347827,0.2941176470588235,0.23076923076923078,0.44000000000000006,0.8421052631578947,0.11492918504759697,0.1443850267379679,2022,0.2867329047340737,0.27602762803234515,0.3831417624521072,0.4642857142857142,0.0,0.0,0.1818181818181818,0.16666666666666666,0.1818181818181818,0.2857142857142857,0.14285714285714285,0.25,0.6000000000000001,0.24999999999999997,0.07172995780590716,0.16666666666666666,0.4642857142857142,0.6785714285714286,0.5,1.0,North Carolina ,0.857142857142857,0.7586206896551724,0.24000000000000002,0.5806451612903226,0.5652173913043479,0.47058823529411764,0.23076923076923078,0.4,0.05263157894736842,0.8162771958098306,0.16906622788975725,0.5399594320486816,0.5220446669233733,0.3160919540229885,0.7395833333333333,0.7272727272727273,0.6666666666666666,0.1818181818181818,0.5833333333333334,0.36363636363636365,0.5714285714285714,0.2857142857142857,0.25,0.0,0.36111111111111116,0.2151898734177215,0.16666666666666666,0.75,0.7428571428571429,0.5,1.0,169,0.0
341,South Carolina ,0.7142857142857142,0.689655172413793,0.96,0.3548387096774194,0.2608695652173913,0.23529411764705882,0.38461538461538464,0.44000000000000006,0.631578947368421,0.49255509231685535,0.07563025210084032,2022,0.37931034482758624,0.28921832884097043,0.5807622504537205,0.6590909090909092,0.9999999999999999,0.9166666666666666,0.9999999999999999,0.6666666666666666,0.2727272727272727,0.2857142857142857,0.2857142857142857,0.25,0.6000000000000001,0.611111111111111,0.2210321324245375,0.043209876543209874,0.5192307692307693,0.5714285714285714,0.4285714285714285,0.8974358974358976,North Carolina ,0.42857142857142855,0.48275862068965514,0.12,0.32258064516129037,0.43478260869565216,0.2941176470588235,0.15384615384615385,0.36,0.736842105263158,0.40147523709167543,0.1443850267379679,0.6419098143236075,0.6272434422457434,0.40752351097178685,0.53125,0.2727272727272727,0.33333333333333337,0.0,0.33333333333333337,0.1818181818181818,0.2857142857142857,0.14285714285714285,0.375,0.6000000000000001,0.4722222222222222,0.04360056258790435,0.07407407407407407,1.0,1.0,0.6666666666666666,1.0,170,1.0
343,NC State ,0.4761904761904761,0.4137931034482758,0.4,0.19354838709677413,0.3043478260869565,0.6470588235294117,0.07692307692307693,0.28,0.0,0.3672116659301813,0.1283422459893048,2022,0.5224694104560623,0.5258515069835824,0.41666666666666674,0.7321428571428571,0.4545454545454545,0.41666666666666663,0.1818181818181818,0.41666666666666663,0.09090909090909091,0.5714285714285714,0.14285714285714285,0.25,0.0,0.2777777777777778,0.1392405063291139,0.027777777777777776,0.375,0.35714285714285715,0.5,1.0,Notre Dame ,0.14285714285714285,0.10344827586206898,0.12,0.4193548387096774,0.3043478260869565,0.23529411764705882,0.46153846153846156,0.48,0.47368421052631576,0.13259240113724477,0.0802139037433155,0.7400130123617437,0.8012129380053911,0.44624746450304253,0.75,0.2727272727272727,0.24999999999999997,0.09090909090909091,0.5,0.4545454545454545,0.42857142857142855,0.42857142857142855,0.5,0.6000000000000001,0.41666666666666663,0.1561181434599156,0.12037037037037038,0.5,0.6785714285714286,0.3333333333333333,0.7333333333333334,171,1.0
345,Oklahoma ,0.7142857142857142,0.8275862068965517,0.48000000000000004,0.32258064516129037,0.5217391304347827,0.3529411764705882,0.38461538461538464,1.0,0.5263157894736843,0.525395152792413,0.06417112299465241,2022,0.3583023872679046,0.32599240382259254,0.43103448275862066,0.5192307692307693,0.5454545454545454,0.8333333333333334,0.36363636363636365,0.08333333333333334,0.2727272727272727,0.2857142857142857,0.5714285714285714,0.625,0.4000000000000001,0.36111111111111116,0.240506329113924,0.05555555555555555,0.375,1.0,0.3,1.0,Notre Dame ,0.7142857142857142,0.7241379310344828,0.28,0.5483870967741935,0.9565217391304348,0.8823529411764706,0.38461538461538464,0.4,0.8947368421052633,0.4434030281182406,0.2801316330728096,0.8015426497277678,0.7954653559537023,0.6379310344827587,0.6195652173913043,0.9090909090909091,0.75,0.09090909090909091,0.41666666666666663,0.9999999999999999,0.5714285714285714,0.42857142857142855,0.375,0.6000000000000001,0.6388888888888888,0.2015579357351509,0.5370370370370371,0.6590909090909092,0.6493506493506493,0.5833333333333334,1.0,172,0.0
347,Louisiana State ,0.5238095238095237,0.689655172413793,0.44,0.19354838709677413,0.2608695652173913,0.7058823529411764,0.38461538461538464,0.28,0.47368421052631576,0.36502820306204675,0.11229946524064172,2022,0.4495943204868154,0.4006064690026955,0.3663793103448276,0.43181818181818177,0.5454545454545454,0.9166666666666666,0.36363636363636365,0.24999999999999997,0.2727272727272727,0.5714285714285714,0.14285714285714285,0.25,0.6000000000000001,0.7222222222222222,0.11392405063291138,0.16666666666666666,1.0,1.0,0.25,1.0,Ohio State ,0.5714285714285714,0.48275862068965514,0.19999999999999998,0.6774193548387096,0.6086956521739131,0.23529411764705882,0.3076923076923077,0.64,0.8947368421052633,0.47472838923004246,0.11905432029271037,0.6853745541022593,0.6057951482479785,0.7366771159874607,0.765625,0.1818181818181818,0.16666666666666666,0.09090909090909091,0.5,0.6363636363636364,0.42857142857142855,0.14285714285714285,0.625,0.6000000000000001,0.4722222222222222,0.17721518987341767,0.2592592592592593,0.4444444444444444,1.0,0.6666666666666666,1.0,173,0.0
349,Texas ,0.5238095238095237,0.4482758620689655,0.36000000000000004,0.19354838709677413,0.3043478260869565,0.6470588235294117,0.3076923076923077,0.56,0.3684210526315789,0.46102117061021153,0.0688895879207298,2022,0.6648275862068966,0.5540669097827811,0.8189655172413793,0.75,0.1818181818181818,0.16666666666666666,0.1818181818181818,0.24999999999999997,0.1818181818181818,0.14285714285714285,0.14285714285714285,0.25,0.6000000000000001,0.3055555555555556,0.1392405063291139,0.07407407407407407,0.5454545454545454,0.5324675324675325,0.0,1.0,Ohio State ,0.2857142857142857,0.17241379310344826,0.44,0.19354838709677413,0.34782608695652173,0.5882352941176471,0.38461538461538464,0.56,0.631578947368421,0.2229957332135639,0.07832651777288455,0.5695873374788016,0.5160624896859014,0.5172413793103449,1.0,0.09090909090909091,0.0,0.09090909090909091,0.24999999999999997,0.2727272727272727,0.5714285714285714,0.2857142857142857,0.625,0.4000000000000001,0.36111111111111116,0.07172995780590716,0.07407407407407407,0.5,0.4857142857142857,0.75,1.0,174,1.0
351,Indiana ,0.3333333333333333,0.31034482758620685,0.0,0.4838709677419355,0.391304347826087,0.23529411764705882,0.38461538461538464,0.52,0.4210526315789473,0.38706594456833365,0.09425133689839571,2022,0.7445068163592623,0.7476306408138423,0.5172413793103449,0.6590909090909092,0.1818181818181818,0.16666666666666666,0.0,0.41666666666666663,0.2727272727272727,0.14285714285714285,0.5714285714285714,0.625,0.4000000000000001,0.24999999999999997,0.0958408679927667,0.12037037037037038,0.7916666666666667,1.0,0.5,1.0,Princeton ,0.3333333333333333,0.27586206896551724,0.36000000000000004,0.16129032258064513,0.2608695652173913,0.23529411764705882,0.15384615384615385,0.2,0.5263157894736843,0.25585505965532473,0.1443850267379679,0.3903225806451613,0.3517520215633423,0.44624746450304253,0.75,0.2727272727272727,0.16666666666666666,0.36363636363636365,0.6666666666666666,0.09090909090909091,0.2857142857142857,0.14285714285714285,0.375,0.6000000000000001,0.19444444444444445,0.06523855890944498,0.16666666666666666,0.375,0.35714285714285715,0.6,1.0,175,1.0
353,Kentucky ,0.8095238095238095,0.7586206896551724,0.28,0.25806451612903225,0.34782608695652173,0.4117647058823529,0.07692307692307693,0.48,0.7894736842105263,0.6986301369863013,0.09090909090909091,2022,0.4280788177339901,0.4127605022680956,0.39655172413793094,0.6875,0.5454545454545454,0.41666666666666663,0.0,0.41666666666666663,0.1818181818181818,0.8571428571428571,0.14285714285714285,0.375,0.8,0.3055555555555556,0.30379746835443033,0.07407407407407407,1.0,1.0,0.3333333333333333,1.0,Princeton ,0.6190476190476191,0.6206896551724138,0.12,0.4516129032258064,0.3043478260869565,0.2941176470588235,0.15384615384615385,0.6,0.631578947368421,0.5668131300077539,0.06417112299465241,0.7013662979830839,0.6671472450322823,0.4568965517241379,0.625,0.7272727272727273,0.75,0.0,0.41666666666666663,0.09090909090909091,0.42857142857142855,0.2857142857142857,0.625,0.6000000000000001,0.6388888888888888,0.1392405063291139,0.07407407407407407,0.6875,0.6785714285714286,1.0,1.0,176,0.0
355,Baylor ,0.3333333333333333,0.3448275862068966,0.32,0.4516129032258064,0.5652173913043479,0.1764705882352941,0.23076923076923078,0.64,0.8947368421052633,0.29984779299847786,0.11061075147762453,2022,0.34137931034482766,0.4801694262610704,0.2619363395225464,0.5833333333333333,0.09090909090909091,0.08333333333333334,0.1818181818181818,0.41666666666666663,0.36363636363636365,0.2857142857142857,0.14285714285714285,0.5,0.8,0.19444444444444445,0.04360056258790435,0.09722222222222221,0.8214285714285714,0.8163265306122449,0.2857142857142857,1.0,South Dakota ,0.5714285714285714,0.5172413793103448,0.07999999999999999,0.3548387096774194,0.34782608695652173,0.5294117647058824,0.15384615384615385,0.44000000000000006,0.6842105263157894,0.5455278001611603,0.09854851031321621,0.49979716024340765,0.3294185598767809,0.8189655172413793,0.7058823529411764,0.2727272727272727,0.24999999999999997,0.0,0.41666666666666663,0.36363636363636365,0.5714285714285714,0.14285714285714285,0.25,0.8,0.2777777777777778,0.240506329113924,0.16666666666666666,0.5,1.0,0.6666666666666666,1.0,177,0.0
357,Michigan ,0.38095238095238093,0.31034482758620685,0.4,0.3870967741935484,0.34782608695652173,0.23529411764705882,0.15384615384615385,0.36,0.631578947368421,0.35721812434141187,0.11764705882352941,2022,0.48435013262599474,0.580670003850597,0.23326572008113594,0.7727272727272727,0.36363636363636365,0.24999999999999997,0.4545454545454545,0.33333333333333337,0.1818181818181818,0.2857142857142857,0.14285714285714285,0.375,0.6000000000000001,0.3055555555555556,0.09282700421940927,0.16666666666666666,0.6428571428571429,0.6785714285714286,0.6666666666666666,1.0,South Dakota ,0.23809523809523808,0.27586206896551724,0.19999999999999998,0.22580645161290325,0.43478260869565216,0.23529411764705882,0.0,0.28,0.5789473684210527,0.22444678609062155,0.1764705882352941,0.4449602122015914,0.495872641509434,0.3663793103448276,0.5,0.1818181818181818,0.16666666666666666,0.0,0.41666666666666663,0.2727272727272727,0.2857142857142857,0.0,0.25,0.8,0.3055555555555556,0.11392405063291138,0.35185185185185186,0.5454545454545454,0.6142857142857141,0.25,0.6666666666666667,178,1.0
359,Mississippi ,0.38095238095238093,0.3793103448275862,0.28,0.22580645161290325,0.6086956521739131,0.1764705882352941,0.38461538461538464,0.32,0.736842105263158,0.30996052937079166,0.21730675741370928,2022,0.49503214494447706,0.33659717256174715,0.9999999999999999,0.6153846153846154,0.1818181818181818,0.16666666666666666,0.36363636363636365,0.33333333333333337,0.4545454545454545,0.14285714285714285,0.42857142857142855,0.25,0.6000000000000001,0.08333333333333334,0.07172995780590716,0.5370370370370371,0.5833333333333333,0.19642857142857145,1.0,0.6666666666666667,South Dakota ,0.4761904761904761,0.4482758620689655,0.04,0.4193548387096774,0.7391304347826086,0.47058823529411764,0.15384615384615385,0.28,0.47368421052631576,0.4457323498419389,0.2887700534759358,0.8388594164456233,0.7909277911760534,0.689655172413793,0.6666666666666666,0.36363636363636365,0.5,0.0,0.33333333333333337,0.5454545454545454,0.42857142857142855,0.14285714285714285,0.25,0.4000000000000001,0.38888888888888895,0.16817359855334535,0.3055555555555556,1.0,1.0,1.0,1.0,179,0.0
361,Miami ,0.42857142857142855,0.31034482758620685,0.12,0.32258064516129037,0.391304347826087,0.3529411764705882,0.23076923076923078,0.36,0.31578947368421056,0.36986301369862995,0.13101604278074866,2022,0.7938423645320196,0.8644363405739656,0.5721003134796238,0.8863636363636365,0.1818181818181818,0.08333333333333334,0.0,0.24999999999999997,0.1818181818181818,0.2857142857142857,0.0,0.25,0.2,0.22222222222222218,0.08227848101265821,0.2592592592592593,0.4642857142857142,0.5714285714285714,0.5,1.0,South Florida ,0.38095238095238093,0.31034482758620685,0.32,0.19354838709677413,0.391304347826087,0.5294117647058824,0.0,0.4,0.47368421052631576,0.30996052937079166,0.11970382558617851,0.5297486849795443,0.43942594885991115,0.6543887147335424,0.7727272727272727,0.36363636363636365,0.33333333333333337,0.1818181818181818,0.41666666666666663,0.1818181818181818,0.2857142857142857,0.0,0.375,0.6000000000000001,0.41666666666666663,0.06645569620253164,0.12037037037037038,0.296875,0.4489795918367347,0.5,1.0,180,1.0
363,North Carolina ,0.8095238095238095,0.7241379310344828,0.32,0.4193548387096774,0.6086956521739131,0.23529411764705882,0.23076923076923078,0.48,0.5789473684210527,0.6986301369863013,0.15508021390374335,2022,0.647536945812808,0.6324430286694438,0.6221889055472265,0.7282608695652174,0.6363636363636364,0.5,0.09090909090909091,0.5833333333333334,0.2727272727272727,0.2857142857142857,0.2857142857142857,0.5,0.8,0.611111111111111,0.12236286919831223,0.16666666666666666,0.4642857142857142,0.5714285714285714,0.5714285714285714,1.0,Stephen F. Austin ,0.5714285714285714,0.48275862068965514,0.5599999999999999,0.22580645161290325,0.43478260869565216,0.3529411764705882,0.07692307692307693,0.36,0.9473684210526316,0.4191780821917809,0.1443850267379679,0.3898143236074271,0.36152291105121304,0.47562425683709875,0.765625,0.5454545454545454,0.5833333333333334,0.4545454545454545,0.16666666666666666,0.2727272727272727,0.42857142857142855,0.14285714285714285,0.375,1.0000000000000002,0.5555555555555556,0.09158600148920326,0.16666666666666666,0.375,1.0,0.5,1.0,181,1.0
365,Louisville ,0.5714285714285714,0.6551724137931034,0.44,0.22580645161290325,0.5652173913043479,0.5882352941176471,0.6153846153846154,0.16000000000000003,0.7894736842105263,0.4054385606215497,0.3277310924369748,2022,0.5525476067936181,0.5658233276157806,0.464767616191904,0.5238095238095238,0.7272727272727273,0.6666666666666666,0.36363636363636365,0.24999999999999997,0.4545454545454545,0.5714285714285714,0.42857142857142855,0.125,0.8,0.4722222222222222,0.11392405063291138,0.35185185185185186,0.47916666666666674,0.35714285714285715,0.75,0.8666666666666667,Tennessee ,0.4761904761904761,0.5862068965517241,0.48000000000000004,0.4193548387096774,0.3043478260869565,0.23529411764705882,0.15384615384615385,0.56,0.6842105263157894,0.3311845286059629,0.0688895879207298,0.41947261663286,0.4374032230314847,0.3448275862068964,0.4736842105263158,0.1818181818181818,0.16666666666666666,0.36363636363636365,0.41666666666666663,0.2727272727272727,0.2857142857142857,0.14285714285714285,0.375,0.6000000000000001,0.4444444444444444,0.0457643622200584,0.07407407407407407,0.3421052631578947,0.5324675324675325,0.4285714285714285,1.0,182,1.0
367,Stanford ,0.8095238095238095,0.689655172413793,0.4,0.6129032258064516,0.5217391304347827,0.1764705882352941,0.8461538461538463,0.56,0.8947368421052633,0.7711522965350522,0.11607423718150361,2022,0.4596348884381339,0.5540669097827811,0.23326572008113594,0.7727272727272727,0.8181818181818182,0.75,0.1818181818181818,0.5833333333333334,0.2727272727272727,0.14285714285714285,0.8571428571428571,0.375,0.6000000000000001,0.38888888888888895,0.21749136939010355,0.10493827160493827,0.375,1.0,0.5,1.0,Texas ,0.4761904761904761,0.6206896551724138,0.12,0.25806451612903225,0.2608695652173913,0.1764705882352941,0.07692307692307693,0.28,1.0,0.4457323498419389,0.11229946524064172,0.3661803713527852,0.2675720505909186,0.6100795755968169,0.4375,0.2727272727272727,0.16666666666666666,0.0,0.41666666666666663,0.4545454545454545,0.14285714285714285,0.14285714285714285,0.125,0.8,0.24999999999999997,0.07940161104718065,0.5370370370370371,0.3181818181818181,0.35714285714285715,0.3333333333333333,1.0,183,1.0
369,Iowa State ,0.6666666666666665,0.8275862068965517,0.4,0.4838709677419355,0.17391304347826086,0.058823529411764705,0.46153846153846156,0.16000000000000003,0.47368421052631576,0.4899894625922022,0.12146676852559204,2022,0.5788859416445624,0.5471698113207548,0.5474137931034483,0.47115384615384603,0.4545454545454545,0.8333333333333334,0.36363636363636365,0.6666666666666666,0.4545454545454545,0.14285714285714285,0.42857142857142855,0.25,0.6000000000000001,0.8333333333333334,0.11392405063291138,0.16666666666666666,1.0,1.0,0.5,1.0,UT Arlington ,0.42857142857142855,0.48275862068965514,0.24000000000000002,0.4516129032258064,0.391304347826087,0.2941176470588235,0.38461538461538464,0.24,0.7894736842105263,0.33009279717189566,0.18003565062388593,0.5885428253615128,0.4910934020860189,0.7058189655172414,0.53125,0.5454545454545454,0.75,0.1818181818181818,0.41666666666666663,0.2727272727272727,0.42857142857142855,0.2857142857142857,0.375,0.8,0.36111111111111116,0.10548523206751054,0.16666666666666666,0.5833333333333333,0.4857142857142857,1.0,1.0,184,1.0
371,Texas ,0.19047619047619047,0.27586206896551724,0.19999999999999998,0.22580645161290325,0.6086956521739131,0.47058823529411764,0.23076923076923078,0.32,0.21052631578947367,0.16811955168119558,0.21730675741370928,2022,1.0,0.8749931239342098,0.8189655172413793,0.375,0.0,0.16666666666666666,0.0,0.16666666666666666,0.6363636363636364,0.2857142857142857,0.14285714285714285,0.125,0.2,0.16666666666666666,0.050632911392405056,0.35185185185185186,0.5,0.6785714285714286,0.5,0.0,Utah ,0.14285714285714285,0.06896551724137931,0.0,0.032258064516129004,0.47826086956521735,0.1764705882352941,0.15384615384615385,0.6,0.4210526315789473,0.16347031963470307,0.09982174688057041,0.7434482758620689,0.9223719676549867,0.4568965517241379,1.0,0.09090909090909091,0.0,0.0,0.16666666666666666,0.36363636363636365,0.2857142857142857,0.14285714285714285,0.375,0.4000000000000001,0.33333333333333337,0.04360056258790435,0.16666666666666666,0.75,1.0,0.5714285714285714,1.0,185,1.0
373,Brigham Young ,0.38095238095238093,0.3448275862068966,0.24000000000000002,0.5483870967741935,0.5217391304347827,0.2941176470588235,0.07692307692307693,0.52,0.5263157894736843,0.34246575342465746,0.12433155080213903,2022,0.4931034482758621,0.43942594885991115,0.552738336713996,0.6875,0.6363636363636364,0.5,0.2727272727272727,0.5833333333333334,0.6363636363636364,0.42857142857142855,0.0,0.5,0.6000000000000001,0.41666666666666663,0.10647803425167532,0.12962962962962962,1.0,1.0,1.0,1.0,Villanova ,0.4761904761904761,0.5172413793103448,0.32,0.32258064516129037,0.5217391304347827,0.47058823529411764,0.3076923076923077,0.2,0.5263157894736843,0.38797306710006974,0.2647058823529412,0.46031560490940976,0.5791472678265132,0.3315649867374004,0.5588235294117647,0.2727272727272727,0.41666666666666663,0.36363636363636365,0.5833333333333334,0.1818181818181818,0.8571428571428571,0.2857142857142857,0.125,0.6000000000000001,0.5277777777777778,0.1392405063291139,0.2592592592592593,0.3181818181818181,0.43749999999999994,0.3333333333333333,0.5555555555555556,186,0.0
375,Michigan ,0.6190476190476191,0.6551724137931034,0.6,0.5806451612903226,0.391304347826087,0.4117647058823529,0.07692307692307693,0.44000000000000006,0.2631578947368421,0.5241528478731072,0.11000763941940411,2022,0.5589836660617058,0.6057951482479785,0.1923076923076923,0.5833333333333333,0.1818181818181818,0.33333333333333337,0.5454545454545454,0.41666666666666663,0.1818181818181818,0.7142857142857142,0.0,0.375,0.2,0.5833333333333334,0.240506329113924,0.16666666666666666,0.6875,1.0,0.25,0.6666666666666667,Villanova ,0.19047619047619047,0.17241379310344826,0.19999999999999998,0.16129032258064513,0.2608695652173913,0.4117647058823529,0.46153846153846156,0.36,0.8421052631578947,0.15729806329711857,0.09090909090909091,0.3675386444708681,0.34435783492387273,0.43103448275862066,0.6428571428571429,0.09090909090909091,0.0,0.0,0.24999999999999997,0.09090909090909091,0.2857142857142857,0.42857142857142855,0.25,0.8,0.16666666666666666,0.07172995780590716,0.07407407407407407,0.25,1.0,0.6666666666666666,1.0,187,1.0
